Customer ID,Recency,Frequency,Monetary,R_Score,F_Score,M_Score,RFM_Score,Segment,ML_Segment,Cluster
12346.0,2,3,90.0,4,4,1,441,⭐ Loyal Customers,Low Value,0
12358.0,8,1,1429.83,2,1,4,214,😴 Hibernating,High Value,3
12359.0,10,1,760.69,2,1,4,214,😴 Hibernating,High Value,3
12362.0,15,1,130.0,1,1,1,111,😴 Hibernating,Inactive,3
12417.0,6,2,317.6,3,3,2,332,📈 Potential Loyalists,Low Value,2
12435.0,13,1,1008.0,1,1,4,114,😴 Hibernating,High Value,3
12437.0,13,1,578.28,1,1,3,113,😴 Hibernating,Medium Value,3
12439.0,2,1,1081.66,4,1,4,414,🆕 New Customers,High Value,2
12443.0,8,1,485.31,2,1,3,213,😴 Hibernating,Medium Value,3
12471.0,1,4,2466.29,4,4,4,444,👑 Champions,High Value,0
12472.0,2,1,1286.43,4,1,4,414,🆕 New Customers,High Value,2
12487.0,7,1,285.29999999999995,3,1,2,312,🆕 New Customers,Low Value,2
12490.0,14,1,603.94,1,1,3,113,😴 Hibernating,Medium Value,3
12510.0,11,1,435.88,2,1,3,213,😴 Hibernating,Medium Value,3
12523.0,8,1,74.56,2,1,1,211,😴 Hibernating,Low Value,3
12533.0,15,1,929.92,1,1,4,114,😴 Hibernating,High Value,3
12540.0,8,1,412.6,2,1,3,213,😴 Hibernating,Medium Value,3
12577.0,12,1,210.55,1,1,2,112,😴 Hibernating,Inactive,3
12583.0,10,1,817.4399999999999,2,1,4,214,😴 Hibernating,High Value,3
12600.0,2,2,433.89000000000004,4,3,3,433,⭐ Loyal Customers,Medium Value,2
12613.0,1,1,1350.81,4,1,4,414,🆕 New Customers,High Value,2
12636.0,15,1,141.0,1,1,1,111,😴 Hibernating,Inactive,3
12664.0,3,1,549.08,3,1,3,313,🆕 New Customers,Medium Value,2
12681.0,2,1,1014.54,4,1,4,414,🆕 New Customers,High Value,2
12682.0,7,2,934.2,3,4,4,344,👑 Champions,High Value,2
12683.0,2,1,258.3,4,1,2,412,🆕 New Customers,Low Value,2
12709.0,6,2,1661.56,3,4,4,344,👑 Champions,High Value,2
12712.0,7,1,333.8,3,1,3,313,🆕 New Customers,Medium Value,2
12714.0,12,1,682.65,1,1,4,114,😴 Hibernating,High Value,3
12747.0,0,3,1032.0,4,4,4,444,👑 Champions,High Value,0
12748.0,0,3,1037.2,4,4,4,444,👑 Champions,High Value,0
12758.0,14,1,2454.68,1,1,4,114,😴 Hibernating,High Value,3
12759.0,12,1,508.26,1,1,3,113,😴 Hibernating,Medium Value,3
12779.0,13,1,371.82,1,1,3,113,😴 Hibernating,Medium Value,3
12785.0,7,1,366.9,3,1,3,313,🆕 New Customers,Medium Value,2
12820.0,10,1,148.3,2,1,1,211,😴 Hibernating,Low Value,3
12835.0,1,4,979.36,4,4,4,444,👑 Champions,High Value,0
12836.0,14,1,423.87,1,1,3,113,😴 Hibernating,Medium Value,3
12839.0,1,2,653.24,4,4,4,444,👑 Champions,High Value,2
12842.0,14,1,397.20000000000005,1,1,3,113,😴 Hibernating,Medium Value,3
12843.0,3,1,76.84,3,1,1,311,🆕 New Customers,Low Value,2
12854.0,4,1,525.34,3,1,3,313,🆕 New Customers,Medium Value,2
12872.0,12,1,407.22,1,1,3,113,😴 Hibernating,Medium Value,3
12913.0,8,2,741.96,2,4,4,244,⚠️ At Risk,High Value,3
12917.0,6,1,1552.9,3,1,4,314,🆕 New Customers,High Value,2
12920.0,1,2,138.9,4,4,1,441,⭐ Loyal Customers,Low Value,2
12921.0,6,3,1775.05,3,4,4,344,👑 Champions,High Value,0
12924.0,1,3,280.35,4,4,2,442,⭐ Loyal Customers,Low Value,0
12926.0,1,1,390.66,4,1,3,413,🆕 New Customers,Medium Value,2
12931.0,12,2,1268.75,1,4,4,144,⚠️ At Risk,High Value,3
12933.0,5,1,155.79,3,1,1,311,🆕 New Customers,Low Value,2
12934.0,13,1,181.65,1,1,1,111,😴 Hibernating,Inactive,3
12937.0,12,1,170.06,1,1,1,111,😴 Hibernating,Inactive,3
12941.0,0,1,377.49,4,1,3,413,🆕 New Customers,Medium Value,2
12948.0,7,2,252.48000000000002,3,4,2,342,📈 Potential Loyalists,Low Value,2
12949.0,12,1,1794.7,1,1,4,114,😴 Hibernating,High Value,3
12956.0,0,2,276.7,4,4,2,442,⭐ Loyal Customers,Low Value,2
12957.0,5,1,1107.95,3,1,4,314,🆕 New Customers,High Value,2
12970.0,11,1,260.64,2,1,2,212,😴 Hibernating,Low Value,3
12971.0,0,1,61.45,4,1,1,411,🆕 New Customers,Low Value,2
12975.0,10,1,441.63,2,1,3,213,😴 Hibernating,Medium Value,3
12978.0,6,1,945.58,3,1,4,314,🆕 New Customers,High Value,2
12979.0,5,1,517.7,3,1,3,313,🆕 New Customers,Medium Value,2
12980.0,14,1,754.2,1,1,4,114,😴 Hibernating,High Value,3
12989.0,5,1,413.1,3,1,3,313,🆕 New Customers,Medium Value,2
12992.0,1,1,93.35000000000001,4,1,1,411,🆕 New Customers,Low Value,2
13000.0,1,1,497.65000000000003,4,1,3,413,🆕 New Customers,Medium Value,2
13001.0,12,1,869.9300000000001,1,1,4,114,😴 Hibernating,High Value,3
13004.0,1,1,306.54,4,1,2,412,🆕 New Customers,Low Value,2
13013.0,2,1,756.51,4,1,4,414,🆕 New Customers,High Value,2
13019.0,6,2,445.3,3,4,3,343,📈 Potential Loyalists,Medium Value,2
13021.0,11,1,233.70999999999998,2,1,2,212,😴 Hibernating,Low Value,3
13025.0,8,1,323.39,2,1,2,212,😴 Hibernating,Low Value,3
13026.0,3,1,335.98,3,1,3,313,🆕 New Customers,Medium Value,2
13037.0,12,1,313.19,1,1,2,112,😴 Hibernating,Inactive,3
13042.0,8,1,668.1,2,1,4,214,😴 Hibernating,High Value,3
13047.0,0,1,306.3,4,1,2,412,🆕 New Customers,Low Value,2
13050.0,0,1,327.91,4,1,3,413,🆕 New Customers,Medium Value,2
13070.0,8,1,154.2,2,1,1,211,😴 Hibernating,Low Value,3
13074.0,0,1,313.3,4,1,2,412,🆕 New Customers,Low Value,2
13077.0,5,1,218.44,3,1,2,312,🆕 New Customers,Low Value,2
13078.0,0,3,1854.47,4,4,4,444,👑 Champions,High Value,0
13081.0,7,1,2285.58,3,1,4,314,🆕 New Customers,High Value,2
13085.0,12,4,1096.8,1,4,4,144,⚠️ At Risk,High Value,0
13087.0,2,1,313.64,4,1,2,412,🆕 New Customers,Low Value,2
13089.0,1,4,2672.5,4,4,4,444,👑 Champions,High Value,0
13091.0,5,2,1976.0,3,4,4,344,👑 Champions,High Value,2
13093.0,2,3,1943.47,4,4,4,444,👑 Champions,High Value,0
13097.0,0,3,1244.33,4,4,4,444,👑 Champions,High Value,0
13110.0,14,1,362.78000000000003,1,1,3,113,😴 Hibernating,Medium Value,3
13114.0,7,1,234.38,3,1,2,312,🆕 New Customers,Low Value,2
13136.0,7,1,549.09,3,1,3,313,🆕 New Customers,Medium Value,2
13141.0,6,1,351.45,3,1,3,313,🆕 New Customers,Medium Value,2
13148.0,8,1,331.40000000000003,2,1,3,213,😴 Hibernating,Medium Value,3
13154.0,12,1,337.1,1,1,3,113,😴 Hibernating,Medium Value,3
13162.0,1,2,1585.6100000000001,4,4,4,444,👑 Champions,High Value,2
13173.0,5,1,302.70000000000005,3,1,2,312,🆕 New Customers,Low Value,2
13174.0,11,1,630.39,2,1,4,214,😴 Hibernating,High Value,3
13175.0,12,1,319.15,1,1,2,112,😴 Hibernating,Inactive,3
13190.0,9,1,147.1,2,1,1,211,😴 Hibernating,Low Value,3
13199.0,11,1,138.24,2,1,1,211,😴 Hibernating,Low Value,3
13202.0,7,1,320.2,3,1,2,312,🆕 New Customers,Low Value,2
13204.0,7,1,966.6600000000001,3,1,4,314,🆕 New Customers,High Value,2
13206.0,1,3,2504.77,4,4,4,444,👑 Champions,High Value,0
13208.0,12,1,61.12,1,1,1,111,😴 Hibernating,Inactive,3
13211.0,9,1,235.84,2,1,2,212,😴 Hibernating,Low Value,3
13234.0,8,1,238.85,2,1,2,212,😴 Hibernating,Low Value,3
13267.0,0,2,622.94,4,4,4,444,👑 Champions,High Value,2
13269.0,14,2,202.84,1,4,1,141,⚠️ At Risk,Inactive,3
13289.0,0,1,307.95,4,1,2,412,🆕 New Customers,Low Value,2
13313.0,13,2,383.89,1,4,3,143,⚠️ At Risk,Medium Value,3
13317.0,3,1,416.82,3,1,3,313,🆕 New Customers,Medium Value,2
13319.0,0,2,1165.3700000000001,4,4,4,444,👑 Champions,High Value,2
13329.0,11,1,334.65,2,1,3,213,😴 Hibernating,Medium Value,3
13373.0,9,1,748.42,2,1,4,214,😴 Hibernating,High Value,3
13381.0,14,1,17.4,1,1,1,111,😴 Hibernating,Inactive,3
13382.0,8,1,255.04,2,1,2,212,😴 Hibernating,Low Value,3
13393.0,0,2,389.7,4,4,3,443,👑 Champions,Medium Value,2
13394.0,15,1,304.53000000000003,1,1,2,112,😴 Hibernating,Inactive,3
13405.0,0,1,146.45999999999998,4,1,1,411,🆕 New Customers,Low Value,2
13408.0,5,4,1368.74,3,4,4,344,👑 Champions,High Value,0
13410.0,7,1,81.12,3,1,1,311,🆕 New Customers,Low Value,2
13415.0,4,1,483.42,3,1,3,313,🆕 New Customers,Medium Value,2
13416.0,12,1,228.3,1,1,2,112,😴 Hibernating,Inactive,3
13418.0,4,1,811.76,3,1,4,314,🆕 New Customers,High Value,2
13426.0,6,1,601.6,3,1,3,313,🆕 New Customers,Medium Value,2
13442.0,14,1,198.0,1,1,1,111,😴 Hibernating,Inactive,3
13448.0,10,1,933.35,2,1,4,214,😴 Hibernating,High Value,3
13455.0,7,1,295.35,3,1,2,312,🆕 New Customers,Low Value,2
13457.0,13,1,112.5,1,1,1,111,😴 Hibernating,Inactive,3
13462.0,2,1,171.82,4,1,1,411,🆕 New Customers,Low Value,2
13468.0,1,2,695.4399999999999,4,4,4,444,👑 Champions,High Value,2
13473.0,0,1,388.74,4,1,3,413,🆕 New Customers,Medium Value,2
13481.0,11,1,311.2,2,1,2,212,😴 Hibernating,Low Value,3
13485.0,8,2,204.70000000000002,2,4,2,242,⚠️ At Risk,Low Value,3
13487.0,11,1,103.95,2,1,1,211,😴 Hibernating,Low Value,3
13491.0,7,2,527.4,3,4,3,343,📈 Potential Loyalists,Medium Value,2
13495.0,1,2,819.91,4,4,4,444,👑 Champions,High Value,2
13498.0,6,1,327.38,3,1,3,313,🆕 New Customers,Medium Value,2
13526.0,14,2,1182.0,1,4,4,144,⚠️ At Risk,High Value,3
13531.0,12,1,311.7,1,1,2,112,😴 Hibernating,Inactive,3
13542.0,5,1,177.91,3,1,1,311,🆕 New Customers,Low Value,2
13557.0,7,1,272.5,3,1,2,312,🆕 New Customers,Low Value,2
13564.0,9,2,544.25,2,4,3,243,⚠️ At Risk,Medium Value,3
13571.0,7,1,111.24000000000001,3,1,1,311,🆕 New Customers,Low Value,2
13576.0,7,1,328.8,3,1,3,313,🆕 New Customers,Medium Value,2
13577.0,1,2,113.36,4,4,1,441,⭐ Loyal Customers,Low Value,2
13585.0,14,1,12.75,1,1,1,111,😴 Hibernating,Inactive,3
13589.0,10,1,269.15,2,1,2,212,😴 Hibernating,Low Value,3
13590.0,14,1,367.28000000000003,1,1,3,113,😴 Hibernating,Medium Value,3
13591.0,1,1,53.2,4,1,1,411,🆕 New Customers,Low Value,2
13599.0,0,2,975.59,4,4,4,444,👑 Champions,High Value,2
13611.0,13,1,337.93,1,1,3,113,😴 Hibernating,Medium Value,3
13623.0,13,1,637.04,1,1,4,114,😴 Hibernating,High Value,3
13635.0,1,2,797.15,4,4,4,444,👑 Champions,High Value,2
13641.0,0,3,707.76,4,4,4,444,👑 Champions,High Value,0
13643.0,7,1,311.8,3,1,2,312,🆕 New Customers,Low Value,2
13648.0,14,1,263.09000000000003,1,1,2,112,😴 Hibernating,Inactive,3
13654.0,14,1,159.98000000000002,1,1,1,111,😴 Hibernating,Inactive,3
13666.0,12,1,19.5,1,1,1,111,😴 Hibernating,Inactive,3
13668.0,4,1,615.3,3,1,3,313,🆕 New Customers,Medium Value,2
13672.0,7,1,233.53000000000003,3,1,2,312,🆕 New Customers,Low Value,2
13679.0,11,1,126.8,2,1,1,211,😴 Hibernating,Low Value,3
13680.0,0,3,2289.15,4,4,4,444,👑 Champions,High Value,0
13693.0,6,2,353.15,3,4,3,343,📈 Potential Loyalists,Medium Value,2
13694.0,0,9,17976.47,4,4,4,444,👑 Champions,High Value,1
13711.0,0,1,126.5,4,1,1,411,🆕 New Customers,Low Value,2
13727.0,6,1,130.6,3,1,1,311,🆕 New Customers,Low Value,2
13728.0,6,1,135.0,3,1,1,311,🆕 New Customers,Low Value,2
13733.0,11,1,149.10000000000002,2,1,1,211,😴 Hibernating,Low Value,3
13735.0,2,1,493.37,4,1,3,413,🆕 New Customers,Medium Value,2
13736.0,10,1,720.79,2,1,4,214,😴 Hibernating,High Value,3
13740.0,14,1,311.69,1,1,2,112,😴 Hibernating,Inactive,3
13748.0,14,1,173.1,1,1,1,111,😴 Hibernating,Inactive,3
13753.0,13,1,642.2,1,1,4,114,😴 Hibernating,High Value,3
13756.0,0,1,182.25,4,1,1,411,🆕 New Customers,Low Value,2
13758.0,0,2,1866.94,4,4,4,444,👑 Champions,High Value,2
13767.0,2,3,2511.4,4,4,4,444,👑 Champions,High Value,0
13768.0,3,2,875.97,3,4,4,344,👑 Champions,High Value,2
13769.0,0,1,214.25,4,1,2,412,🆕 New Customers,Low Value,2
13770.0,6,1,174.33,3,1,1,311,🆕 New Customers,Low Value,2
13777.0,7,4,6758.42,3,4,4,344,👑 Champions,High Value,0
13782.0,9,1,132.4,2,1,1,211,😴 Hibernating,Low Value,3
13786.0,12,1,723.09,1,1,4,114,😴 Hibernating,High Value,3
13798.0,0,2,962.1600000000001,4,4,4,444,👑 Champions,High Value,2
13800.0,13,1,478.7,1,1,3,113,😴 Hibernating,Medium Value,3
13807.0,11,1,107.95,2,1,1,211,😴 Hibernating,Low Value,3
13813.0,10,1,283.15,2,1,2,212,😴 Hibernating,Low Value,3
13819.0,4,2,1082.4,3,4,4,344,👑 Champions,High Value,2
13823.0,0,1,391.55,4,1,3,413,🆕 New Customers,Medium Value,2
13825.0,6,1,143.36,3,1,1,311,🆕 New Customers,Low Value,2
13831.0,5,1,936.26,3,1,4,314,🆕 New Customers,High Value,2
13848.0,6,1,480.0,3,1,3,313,🆕 New Customers,Medium Value,2
13855.0,7,1,313.45,3,1,2,312,🆕 New Customers,Low Value,2
13872.0,2,1,252.12,4,1,2,412,🆕 New Customers,Low Value,2
13883.0,7,1,24.65,3,1,1,311,🆕 New Customers,Low Value,2
13890.0,9,1,213.65,2,1,2,212,😴 Hibernating,Low Value,3
13895.0,12,1,831.0,1,1,4,114,😴 Hibernating,High Value,3
13902.0,1,1,429.66,4,1,3,413,🆕 New Customers,Medium Value,2
13905.0,9,1,312.65,2,1,2,212,😴 Hibernating,Low Value,3
13931.0,1,3,1630.06,4,4,4,444,👑 Champions,High Value,0
13946.0,12,1,280.2,1,1,2,112,😴 Hibernating,Inactive,3
13948.0,12,1,155.65,1,1,1,111,😴 Hibernating,Inactive,3
13952.0,0,1,1226.79,4,1,4,414,🆕 New Customers,High Value,2
13953.0,4,1,500.0,3,1,3,313,🆕 New Customers,Medium Value,2
13958.0,10,2,811.5500000000001,2,4,4,244,⚠️ At Risk,High Value,3
13979.0,13,1,203.78,1,1,2,112,😴 Hibernating,Inactive,3
13983.0,6,1,175.95000000000002,3,1,1,311,🆕 New Customers,Low Value,2
13984.0,9,2,259.5,2,4,2,242,⚠️ At Risk,Low Value,3
13993.0,13,1,556.75,1,1,3,113,😴 Hibernating,Medium Value,3
13999.0,0,2,707.55,4,4,4,444,👑 Champions,High Value,2
14000.0,14,1,192.0,1,1,1,111,😴 Hibernating,Inactive,3
14003.0,9,1,209.41,2,1,2,212,😴 Hibernating,Low Value,3
14030.0,5,2,747.15,3,4,4,344,👑 Champions,High Value,2
14031.0,4,3,3163.15,3,4,4,344,👑 Champions,High Value,0
14032.0,2,1,309.3,4,1,2,412,🆕 New Customers,Low Value,2
14037.0,9,1,218.33,2,1,2,212,😴 Hibernating,Low Value,3
14040.0,15,1,633.33,1,1,4,114,😴 Hibernating,High Value,3
14042.0,1,1,431.98,4,1,3,413,🆕 New Customers,Medium Value,2
14043.0,5,1,164.31,3,1,1,311,🆕 New Customers,Low Value,2
14051.0,13,1,912.5600000000001,1,1,4,114,😴 Hibernating,High Value,3
14057.0,12,1,119.54,1,1,1,111,😴 Hibernating,Inactive,3
14061.0,0,2,553.4300000000001,4,4,3,443,👑 Champions,Medium Value,2
14062.0,1,2,2000.42,4,4,4,444,👑 Champions,High Value,2
14063.0,1,2,3789.56,4,4,4,444,👑 Champions,High Value,0
14080.0,6,2,414.65,3,4,3,343,📈 Potential Loyalists,Medium Value,2
14081.0,5,1,792.02,3,1,4,314,🆕 New Customers,High Value,2
14085.0,7,2,416.84,3,4,3,343,📈 Potential Loyalists,Medium Value,2
14087.0,11,1,236.69,2,1,2,212,😴 Hibernating,Low Value,3
14099.0,6,1,390.44,3,1,3,313,🆕 New Customers,Medium Value,2
14106.0,13,1,214.79999999999998,1,1,2,112,😴 Hibernating,Inactive,3
14107.0,6,1,163.26,3,1,1,311,🆕 New Customers,Low Value,2
14108.0,7,2,447.05,3,4,3,343,📈 Potential Loyalists,Medium Value,2
14110.0,15,1,285.06,1,1,2,112,😴 Hibernating,Inactive,3
14113.0,5,2,611.84,3,4,3,343,📈 Potential Loyalists,Medium Value,2
14122.0,5,2,131.58999999999997,3,4,1,341,📈 Potential Loyalists,Low Value,2
14123.0,9,1,436.18,2,1,3,213,😴 Hibernating,Medium Value,3
14130.0,4,1,358.32,3,1,3,313,🆕 New Customers,Medium Value,2
14133.0,10,1,305.5,2,1,2,212,😴 Hibernating,Low Value,3
14134.0,0,2,1745.24,4,4,4,444,👑 Champions,High Value,2
14135.0,7,2,1489.2,3,4,4,344,👑 Champions,High Value,2
14136.0,8,1,302.78000000000003,2,1,2,212,😴 Hibernating,Low Value,3
14156.0,0,5,3159.5,4,4,4,444,👑 Champions,High Value,0
14159.0,12,1,393.65,1,1,3,113,😴 Hibernating,Medium Value,3
14161.0,3,1,505.13,3,1,3,313,🆕 New Customers,Medium Value,2
14171.0,6,1,135.0,3,1,1,311,🆕 New Customers,Low Value,2
14173.0,6,1,23.6,3,1,1,311,🆕 New Customers,Low Value,2
14191.0,5,1,15.9,3,1,1,311,🆕 New Customers,Low Value,2
14204.0,13,1,371.27000000000004,1,1,3,113,😴 Hibernating,Medium Value,3
14211.0,6,1,187.8,3,1,1,311,🆕 New Customers,Low Value,2
14215.0,8,1,425.59000000000003,2,1,3,213,😴 Hibernating,Medium Value,3
14238.0,11,1,159.1,2,1,1,211,😴 Hibernating,Low Value,3
14239.0,7,2,214.55,3,4,2,342,📈 Potential Loyalists,Low Value,2
14258.0,12,1,1261.0,1,1,4,114,😴 Hibernating,High Value,3
14277.0,2,1,233.42000000000002,4,1,2,412,🆕 New Customers,Low Value,2
14285.0,7,1,151.2,3,1,1,311,🆕 New Customers,Low Value,2
14286.0,12,1,1610.52,1,1,4,114,😴 Hibernating,High Value,3
14290.0,8,1,870.63,2,1,4,214,😴 Hibernating,High Value,3
14291.0,7,1,408.51,3,1,3,313,🆕 New Customers,Medium Value,2
14293.0,6,1,737.7,3,1,4,314,🆕 New Customers,High Value,2
14295.0,6,2,598.85,3,4,3,343,📈 Potential Loyalists,Medium Value,2
14298.0,4,2,2173.7999999999997,3,4,4,344,👑 Champions,High Value,2
14299.0,14,1,2052.12,1,1,4,114,😴 Hibernating,High Value,3
14302.0,14,1,114.60000000000001,1,1,1,111,😴 Hibernating,Inactive,3
14307.0,8,1,242.1,2,1,2,212,😴 Hibernating,Low Value,3
14341.0,1,2,592.69,4,4,3,443,👑 Champions,Medium Value,2
14347.0,13,1,82.6,1,1,1,111,😴 Hibernating,Inactive,3
14396.0,13,1,514.97,1,1,3,113,😴 Hibernating,Medium Value,3
14401.0,1,1,619.67,4,1,4,414,🆕 New Customers,High Value,2
14408.0,9,1,321.00000000000006,2,1,2,212,😴 Hibernating,Low Value,3
14425.0,14,1,223.1,1,1,2,112,😴 Hibernating,Inactive,3
14440.0,14,1,935.01,1,1,4,114,😴 Hibernating,High Value,3
14454.0,9,1,125.94,2,1,1,211,😴 Hibernating,Low Value,3
14460.0,0,1,155.34,4,1,1,411,🆕 New Customers,Low Value,2
14466.0,2,1,217.8,4,1,2,412,🆕 New Customers,Low Value,2
14467.0,13,1,109.84,1,1,1,111,😴 Hibernating,Inactive,3
14468.0,10,1,204.24,2,1,2,212,😴 Hibernating,Low Value,3
14471.0,9,1,208.82999999999998,2,1,2,212,😴 Hibernating,Low Value,3
14478.0,14,1,282.28,1,1,2,112,😴 Hibernating,Inactive,3
14479.0,9,1,355.13,2,1,3,213,😴 Hibernating,Medium Value,3
14483.0,13,1,120.0,1,1,1,111,😴 Hibernating,Inactive,3
14494.0,7,1,114.3,3,1,1,311,🆕 New Customers,Low Value,2
14505.0,6,1,893.33,3,1,4,314,🆕 New Customers,High Value,2
14507.0,5,1,171.5,3,1,1,311,🆕 New Customers,Low Value,2
14512.0,8,1,153.28,2,1,1,211,😴 Hibernating,Low Value,3
14514.0,2,1,856.78,4,2,4,424,🆕 New Customers,High Value,2
14519.0,5,1,122.94999999999999,3,2,1,321,🆕 New Customers,Low Value,2
14525.0,2,1,399.79999999999995,4,2,3,423,🆕 New Customers,Medium Value,2
14527.0,2,5,3411.76,4,4,4,444,👑 Champions,High Value,0
14540.0,8,1,156.5,2,2,1,221,😴 Hibernating,Low Value,3
14543.0,0,3,970.35,4,4,4,444,👑 Champions,High Value,0
14546.0,9,1,547.73,2,2,3,223,😴 Hibernating,Medium Value,3
14548.0,9,2,680.28,2,4,4,244,⚠️ At Risk,High Value,3
14549.0,13,1,316.22,1,2,2,122,😴 Hibernating,Inactive,3
14558.0,8,1,306.45,2,2,2,222,😴 Hibernating,Low Value,3
14560.0,14,1,266.6,1,2,2,122,😴 Hibernating,Inactive,3
14564.0,12,1,989.18,1,2,4,124,😴 Hibernating,High Value,3
14574.0,8,1,143.70000000000002,2,2,1,221,😴 Hibernating,Low Value,3
14577.0,5,1,217.34,3,2,2,322,🆕 New Customers,Low Value,2
14590.0,0,3,349.66,4,4,3,443,👑 Champions,Medium Value,0
14593.0,6,1,433.05,3,2,3,323,🆕 New Customers,Medium Value,2
14605.0,7,2,216.25,3,4,2,342,📈 Potential Loyalists,Low Value,2
14606.0,2,6,1174.52,4,4,4,444,👑 Champions,High Value,0
14607.0,1,1,2320.2000000000003,4,2,4,424,🆕 New Customers,High Value,2
14608.0,5,2,581.22,3,4,3,343,📈 Potential Loyalists,Medium Value,2
14626.0,5,1,436.40000000000003,3,2,3,323,🆕 New Customers,Medium Value,2
14643.0,5,1,350.68,3,2,3,323,🆕 New Customers,Medium Value,2
14644.0,12,1,338.5,1,2,3,123,😴 Hibernating,Medium Value,3
14646.0,0,4,6326.39,4,4,4,444,👑 Champions,High Value,0
14648.0,5,1,224.35999999999999,3,2,2,322,🆕 New Customers,Low Value,2
14653.0,14,1,333.67,1,2,3,123,😴 Hibernating,Medium Value,3
14654.0,14,1,246.86,1,2,2,122,😴 Hibernating,Inactive,3
14662.0,12,1,110.69999999999999,1,2,1,121,😴 Hibernating,Inactive,3
14667.0,0,2,750.3199999999999,4,4,4,444,👑 Champions,High Value,2
14669.0,13,1,824.1800000000001,1,2,4,124,😴 Hibernating,High Value,3
14670.0,8,1,190.47,2,2,1,221,😴 Hibernating,Low Value,3
14679.0,7,1,438.74,3,2,3,323,🆕 New Customers,Medium Value,2
14680.0,0,3,1320.23,4,4,4,444,👑 Champions,High Value,0
14685.0,2,3,1300.41,4,4,4,444,👑 Champions,High Value,0
14695.0,8,2,984.03,2,4,4,244,⚠️ At Risk,High Value,3
14702.0,5,1,583.7,3,2,3,323,🆕 New Customers,Medium Value,2
14709.0,10,1,256.2,2,2,2,222,😴 Hibernating,Low Value,3
14710.0,6,2,73.5,3,4,1,341,📈 Potential Loyalists,Low Value,2
14713.0,12,1,160.69,1,2,1,121,😴 Hibernating,Inactive,3
14717.0,9,1,81.3,2,2,1,221,😴 Hibernating,Low Value,3
14723.0,12,1,141.63,1,2,1,121,😴 Hibernating,Inactive,3
14732.0,0,2,556.1500000000001,4,4,3,443,👑 Champions,Medium Value,2
14735.0,8,2,379.65000000000003,2,4,3,243,⚠️ At Risk,Medium Value,3
14738.0,9,1,311.2,2,2,2,222,😴 Hibernating,Low Value,3
14739.0,5,2,1253.31,3,4,4,344,👑 Champions,High Value,2
14750.0,12,1,112.03,1,2,1,121,😴 Hibernating,Inactive,3
14751.0,2,1,65.10000000000001,4,2,1,421,🆕 New Customers,Low Value,2
14755.0,12,2,445.15000000000003,1,4,3,143,⚠️ At Risk,Medium Value,3
14769.0,0,1,969.66,4,2,4,424,🆕 New Customers,High Value,2
14771.0,13,1,287.37,1,2,2,122,😴 Hibernating,Inactive,3
14790.0,4,1,308.81,3,2,2,322,🆕 New Customers,Low Value,2
14796.0,1,1,266.02,4,2,2,422,🆕 New Customers,Low Value,2
14799.0,14,1,180.45,1,2,1,121,😴 Hibernating,Inactive,3
14828.0,9,1,682.4,2,2,4,224,😴 Hibernating,High Value,3
14831.0,14,2,833.75,1,4,4,144,⚠️ At Risk,High Value,3
14838.0,13,1,119.10000000000001,1,2,1,121,😴 Hibernating,Inactive,3
14841.0,7,2,902.2,3,4,4,344,👑 Champions,High Value,2
14861.0,8,1,215.0,2,2,2,222,😴 Hibernating,Low Value,3
14865.0,14,1,31.200000000000003,1,2,1,121,😴 Hibernating,Inactive,3
14867.0,10,1,203.32,2,2,2,222,😴 Hibernating,Low Value,3
14869.0,0,1,371.48,4,2,3,423,🆕 New Customers,Medium Value,2
14871.0,1,2,319.65000000000003,4,4,2,442,⭐ Loyal Customers,Low Value,2
14894.0,14,1,299.70000000000005,1,2,2,122,😴 Hibernating,Inactive,3
14895.0,5,2,1817.55,3,4,4,344,👑 Champions,High Value,2
14896.0,9,1,302.5,2,2,2,222,😴 Hibernating,Low Value,3
14897.0,0,1,301.16,4,2,2,422,🆕 New Customers,Low Value,2
14898.0,2,2,668.66,4,4,4,444,👑 Champions,High Value,2
14905.0,12,1,258.1,1,2,2,122,😴 Hibernating,Inactive,3
14911.0,1,6,4893.89,4,4,4,444,👑 Champions,High Value,0
14915.0,13,1,202.06,1,2,1,121,😴 Hibernating,Inactive,3
14940.0,9,1,182.01,2,2,1,221,😴 Hibernating,Low Value,3
14942.0,6,1,109.35,3,2,1,321,🆕 New Customers,Low Value,2
14952.0,12,1,337.9,1,2,3,123,😴 Hibernating,Medium Value,3
14955.0,9,1,163.77,2,2,1,221,😴 Hibernating,Low Value,3
14958.0,12,1,186.36,1,2,1,121,😴 Hibernating,Inactive,3
14961.0,1,2,2608.4700000000003,4,4,4,444,👑 Champions,High Value,2
14966.0,0,2,335.12,4,4,3,443,👑 Champions,Medium Value,2
14967.0,12,1,236.25,1,2,2,122,😴 Hibernating,Inactive,3
14977.0,2,1,31.929999999999996,4,2,1,421,🆕 New Customers,Low Value,2
14979.0,11,1,439.46,2,2,3,223,😴 Hibernating,Medium Value,3
14980.0,13,1,150.68,1,2,1,121,😴 Hibernating,Inactive,3
14987.0,3,2,451.65,3,4,3,343,📈 Potential Loyalists,Medium Value,2
14990.0,6,1,200.23999999999998,3,2,1,321,🆕 New Customers,Low Value,2
15005.0,6,2,644.0,3,4,4,344,👑 Champions,High Value,2
15015.0,1,1,129.6,4,2,1,421,🆕 New Customers,Low Value,2
15031.0,7,1,250.02,3,2,2,322,🆕 New Customers,Low Value,2
15032.0,5,1,1505.4,3,2,4,324,🆕 New Customers,High Value,2
15039.0,1,2,457.27000000000004,4,4,3,443,👑 Champions,Medium Value,2
15051.0,14,1,580.02,1,2,3,123,😴 Hibernating,Medium Value,3
15057.0,10,1,304.1,2,2,2,222,😴 Hibernating,Low Value,3
15059.0,10,1,280.94,2,2,2,222,😴 Hibernating,Low Value,3
15061.0,0,9,14312.539999999999,4,4,4,444,👑 Champions,High Value,1
15070.0,0,1,324.8,4,2,2,422,🆕 New Customers,Low Value,2
15077.0,6,1,873.48,3,2,4,324,🆕 New Customers,High Value,2
15078.0,0,2,753.6600000000001,4,4,4,444,👑 Champions,High Value,2
15079.0,8,2,738.53,2,4,4,244,⚠️ At Risk,High Value,3
15085.0,6,1,347.54,3,2,3,323,🆕 New Customers,Medium Value,2
15093.0,7,1,249.64,3,2,2,322,🆕 New Customers,Low Value,2
15109.0,11,1,231.2,2,2,2,222,😴 Hibernating,Low Value,3
15115.0,9,1,191.74,2,2,1,221,😴 Hibernating,Low Value,3
15144.0,3,1,370.2,3,2,3,323,🆕 New Customers,Medium Value,2
15157.0,5,1,448.2,3,2,3,323,🆕 New Customers,Medium Value,2
15162.0,7,1,312.9,3,2,2,322,🆕 New Customers,Low Value,2
15169.0,3,1,356.17,3,2,3,323,🆕 New Customers,Medium Value,2
15179.0,13,1,763.35,1,2,4,124,😴 Hibernating,High Value,3
15181.0,7,1,162.72,3,2,1,321,🆕 New Customers,Low Value,2
15184.0,0,1,123.19,4,2,1,421,🆕 New Customers,Low Value,2
15188.0,1,1,310.43,4,2,2,422,🆕 New Customers,Low Value,2
15194.0,4,3,1167.54,3,4,4,344,👑 Champions,High Value,0
15196.0,3,1,152.25,3,2,1,321,🆕 New Customers,Low Value,2
15197.0,4,1,117.96000000000001,3,2,1,321,🆕 New Customers,Low Value,2
15203.0,7,1,255.68,3,2,2,322,🆕 New Customers,Low Value,2
15209.0,6,1,178.98000000000002,3,2,1,321,🆕 New Customers,Low Value,2
15223.0,11,1,230.2,2,2,2,222,😴 Hibernating,Low Value,3
15240.0,10,1,549.77,2,2,3,223,😴 Hibernating,Medium Value,3
15255.0,13,1,260.44,1,2,2,122,😴 Hibernating,Inactive,3
15260.0,9,2,294.85,2,4,2,242,⚠️ At Risk,Low Value,3
15265.0,14,1,294.14,1,2,2,122,😴 Hibernating,Inactive,3
15287.0,14,1,58.2,1,2,1,121,😴 Hibernating,Inactive,3
15291.0,5,3,1037.9,3,4,4,344,👑 Champions,High Value,0
15298.0,7,1,303.45,3,2,2,322,🆕 New Customers,Low Value,2
15302.0,6,1,308.0,3,2,2,322,🆕 New Customers,Low Value,2
15309.0,11,1,273.75,2,2,2,222,😴 Hibernating,Low Value,3
15311.0,0,10,6133.96,4,4,4,444,👑 Champions,High Value,0
15312.0,0,1,321.65000000000003,4,2,2,422,🆕 New Customers,Low Value,2
15326.0,14,1,307.8,1,2,2,122,😴 Hibernating,Inactive,3
15329.0,2,1,318.36,4,2,2,422,🆕 New Customers,Low Value,2
15353.0,14,1,285.59,1,2,2,122,😴 Hibernating,Inactive,3
15358.0,9,1,446.4,2,2,3,223,😴 Hibernating,Medium Value,3
15362.0,15,1,310.75,1,2,2,122,😴 Hibernating,Inactive,3
15367.0,5,1,785.62,3,2,4,324,🆕 New Customers,High Value,2
15369.0,8,1,312.96,2,2,2,222,😴 Hibernating,Low Value,3
15380.0,5,2,441.62,3,4,3,343,📈 Potential Loyalists,Medium Value,2
15382.0,11,1,1523.2,2,2,4,224,😴 Hibernating,High Value,3
15393.0,0,1,187.84,4,2,1,421,🆕 New Customers,Low Value,2
15394.0,0,1,297.4,4,2,2,422,🆕 New Customers,Low Value,2
15403.0,6,1,95.75999999999999,3,2,1,321,🆕 New Customers,Low Value,2
15413.0,0,3,4513.42,4,4,4,444,👑 Champions,High Value,0
15420.0,1,2,229.62,4,4,2,442,⭐ Loyal Customers,Low Value,2
15421.0,8,1,241.05,2,2,2,222,😴 Hibernating,Low Value,3
15441.0,6,1,301.57,3,2,2,322,🆕 New Customers,Low Value,2
15446.0,2,1,123.43,4,2,1,421,🆕 New Customers,Low Value,2
15456.0,7,1,211.41,3,2,2,322,🆕 New Customers,Low Value,2
15465.0,6,1,436.8,3,2,3,323,🆕 New Customers,Medium Value,2
15466.0,13,1,744.21,1,2,4,124,😴 Hibernating,High Value,3
15479.0,9,1,147.4,2,2,1,221,😴 Hibernating,Low Value,3
15482.0,13,2,325.08000000000004,1,4,3,143,⚠️ At Risk,Medium Value,3
15484.0,10,1,689.5,2,2,4,224,😴 Hibernating,High Value,3
15485.0,14,2,901.84,1,4,4,144,⚠️ At Risk,High Value,3
15494.0,5,1,917.76,3,2,4,324,🆕 New Customers,High Value,2
15499.0,0,1,161.6,4,2,1,421,🆕 New Customers,Low Value,2
15503.0,3,1,120.06,3,2,1,321,🆕 New Customers,Low Value,2
15514.0,0,2,1306.49,4,4,4,444,👑 Champions,High Value,2
15523.0,6,3,1173.53,3,4,4,344,👑 Champions,High Value,0
15527.0,0,1,297.86,4,2,2,422,🆕 New Customers,Low Value,2
15534.0,1,1,162.25,4,2,1,421,🆕 New Customers,Low Value,2
15542.0,14,2,540.73,1,4,3,143,⚠️ At Risk,Medium Value,3
15547.0,9,1,671.56,2,2,4,224,😴 Hibernating,High Value,3
15550.0,2,2,386.15,4,4,3,443,👑 Champions,Medium Value,2
15555.0,10,1,950.69,2,2,4,224,😴 Hibernating,High Value,3
15562.0,2,1,360.51000000000005,4,2,3,423,🆕 New Customers,Medium Value,2
15566.0,0,1,138.22,4,2,1,421,🆕 New Customers,Low Value,2
15571.0,10,1,118.25999999999999,2,2,1,221,😴 Hibernating,Low Value,3
15573.0,5,1,278.08,3,2,2,322,🆕 New Customers,Low Value,2
15577.0,2,1,124.9,4,2,1,421,🆕 New Customers,Low Value,2
15581.0,6,7,680.66,3,4,4,344,👑 Champions,High Value,0
15601.0,12,2,901.13,1,4,4,144,⚠️ At Risk,High Value,3
15602.0,14,1,261.3,1,2,2,122,😴 Hibernating,Inactive,3
15615.0,0,3,1236.5,4,4,4,444,👑 Champions,High Value,0
15623.0,5,1,307.2,3,2,2,322,🆕 New Customers,Low Value,2
15628.0,2,1,286.28000000000003,4,2,2,422,🆕 New Customers,Low Value,2
15633.0,7,1,191.89000000000001,3,2,1,321,🆕 New Customers,Low Value,2
15637.0,0,1,288.88,4,2,2,422,🆕 New Customers,Low Value,2
15640.0,1,1,1456.2,4,2,4,424,🆕 New Customers,High Value,2
15641.0,0,2,1089.6100000000001,4,4,4,444,👑 Champions,High Value,2
15642.0,6,1,105.78000000000002,3,2,1,321,🆕 New Customers,Low Value,2
15658.0,13,1,321.65,1,2,2,122,😴 Hibernating,Inactive,3
15662.0,14,1,105.85,1,2,1,121,😴 Hibernating,Inactive,3
15672.0,1,1,45.300000000000004,4,2,1,421,🆕 New Customers,Low Value,2
15674.0,7,1,462.46,3,2,3,323,🆕 New Customers,Medium Value,2
15680.0,14,1,311.5,1,2,2,122,😴 Hibernating,Inactive,3
15684.0,11,1,109.4,2,2,1,221,😴 Hibernating,Low Value,3
15691.0,9,1,161.8,2,2,1,221,😴 Hibernating,Low Value,3
15694.0,8,1,357.87,2,2,3,223,😴 Hibernating,Medium Value,3
15712.0,15,1,255.5,1,2,2,122,😴 Hibernating,Inactive,3
15713.0,0,1,243.86,4,2,2,422,🆕 New Customers,Low Value,2
15716.0,8,1,214.17000000000002,2,2,2,222,😴 Hibernating,Low Value,3
15719.0,6,2,674.17,3,4,4,344,👑 Champions,High Value,2
15738.0,5,1,282.03000000000003,3,2,2,322,🆕 New Customers,Low Value,2
15750.0,14,1,222.12,1,2,2,122,😴 Hibernating,Inactive,3
15751.0,2,4,573.29,4,4,3,443,👑 Champions,Medium Value,0
15755.0,12,1,308.75,1,2,2,122,😴 Hibernating,Inactive,3
15759.0,14,1,125.73,1,2,1,121,😴 Hibernating,Inactive,3
15768.0,0,3,1440.5,4,4,4,444,👑 Champions,High Value,0
15769.0,5,1,1980.0,3,2,4,324,🆕 New Customers,High Value,2
15785.0,0,1,322.92,4,2,2,422,🆕 New Customers,Low Value,2
15793.0,14,1,291.58000000000004,1,2,2,122,😴 Hibernating,Inactive,3
15794.0,12,2,777.0,1,4,4,144,⚠️ At Risk,High Value,3
15805.0,5,1,658.5,3,2,4,324,🆕 New Customers,High Value,2
15808.0,0,2,1918.0700000000002,4,4,4,444,👑 Champions,High Value,2
15812.0,0,1,290.72,4,2,2,422,🆕 New Customers,Low Value,2
15822.0,9,1,474.32,2,2,3,223,😴 Hibernating,Medium Value,3
15823.0,5,2,3867.17,3,4,4,344,👑 Champions,High Value,0
15833.0,14,1,80.4,1,2,1,121,😴 Hibernating,Inactive,3
15838.0,1,1,495.0,4,2,3,423,🆕 New Customers,Medium Value,2
15841.0,6,1,289.92,3,2,2,322,🆕 New Customers,Low Value,2
15850.0,2,1,106.65,4,2,1,421,🆕 New Customers,Low Value,2
15854.0,6,1,592.2,3,2,3,323,🆕 New Customers,Medium Value,2
15856.0,4,2,2009.47,3,4,4,344,👑 Champions,High Value,2
15858.0,6,1,248.49,3,2,2,322,🆕 New Customers,Low Value,2
15860.0,3,2,295.6,3,4,2,342,📈 Potential Loyalists,Low Value,2
15867.0,1,1,626.0,4,2,4,424,🆕 New Customers,High Value,2
15878.0,10,1,212.13,2,2,2,222,😴 Hibernating,Low Value,3
15882.0,5,1,181.63,3,2,1,321,🆕 New Customers,Low Value,2
15884.0,12,1,241.8,1,2,2,122,😴 Hibernating,Inactive,3
15889.0,6,1,288.49,3,2,2,322,🆕 New Customers,Low Value,2
15898.0,4,1,406.12,3,2,3,323,🆕 New Customers,Medium Value,2
15911.0,6,1,267.26,3,2,2,322,🆕 New Customers,Low Value,2
15912.0,5,3,435.79,3,4,3,343,📈 Potential Loyalists,Medium Value,0
15916.0,5,1,404.82,3,2,3,323,🆕 New Customers,Medium Value,2
15917.0,13,2,106.67,1,4,1,141,⚠️ At Risk,Inactive,3
15920.0,1,2,121.59,4,4,1,441,⭐ Loyal Customers,Low Value,2
15924.0,7,1,102.82,3,2,1,321,🆕 New Customers,Low Value,2
15944.0,2,1,588.4,4,2,3,423,🆕 New Customers,Medium Value,2
15945.0,14,1,124.83000000000001,1,2,1,121,😴 Hibernating,Inactive,3
15953.0,12,1,372.2,1,2,3,123,😴 Hibernating,Medium Value,3
15956.0,3,1,326.4,3,2,3,323,🆕 New Customers,Medium Value,2
15965.0,13,1,169.5,1,2,1,121,😴 Hibernating,Inactive,3
15967.0,14,1,156.71,1,2,1,121,😴 Hibernating,Inactive,3
15971.0,0,2,446.28,4,4,3,443,👑 Champions,Medium Value,2
15983.0,3,3,1199.59,3,4,4,344,👑 Champions,High Value,0
15984.0,4,2,958.18,3,4,4,344,👑 Champions,High Value,2
15989.0,13,1,143.11,1,2,1,121,😴 Hibernating,Inactive,3
15998.0,5,2,1063.24,3,4,4,344,👑 Champions,High Value,2
15999.0,11,1,20.4,2,2,1,221,😴 Hibernating,Low Value,3
16003.0,12,1,387.87,1,2,3,123,😴 Hibernating,Medium Value,3
16011.0,5,2,363.2,3,4,3,343,📈 Potential Loyalists,Medium Value,2
16013.0,8,2,1241.0,2,4,4,244,⚠️ At Risk,High Value,3
16018.0,8,1,195.78,2,2,1,221,😴 Hibernating,Low Value,3
16019.0,1,1,850.8299999999999,4,2,4,424,🆕 New Customers,High Value,2
16029.0,5,4,5076.84,3,4,4,344,👑 Champions,High Value,0
16064.0,1,1,111.0,4,2,1,421,🆕 New Customers,Low Value,2
16086.0,13,1,284.55,1,2,2,122,😴 Hibernating,Inactive,3
16098.0,1,1,154.69,4,2,1,421,🆕 New Customers,Low Value,2
16104.0,3,3,1174.89,3,4,4,344,👑 Champions,High Value,0
16119.0,0,1,183.4,4,2,1,421,🆕 New Customers,Low Value,2
16124.0,9,1,463.0,2,2,3,223,😴 Hibernating,Medium Value,3
16125.0,1,1,689.71,4,2,4,424,🆕 New Customers,High Value,2
16126.0,13,1,174.1,1,2,1,121,😴 Hibernating,Inactive,3
16127.0,3,1,145.06,3,2,1,321,🆕 New Customers,Low Value,2
16131.0,14,1,1317.97,1,2,4,124,😴 Hibernating,High Value,3
16139.0,12,1,355.59000000000003,1,2,3,123,😴 Hibernating,Medium Value,3
16143.0,6,1,300.35,3,2,2,322,🆕 New Customers,Low Value,2
16156.0,5,2,402.1,3,4,3,343,📈 Potential Loyalists,Medium Value,2
16158.0,1,2,204.52,4,4,2,442,⭐ Loyal Customers,Low Value,2
16159.0,13,1,317.55,1,2,2,122,😴 Hibernating,Inactive,3
16163.0,7,2,838.28,3,4,4,344,👑 Champions,High Value,2
16167.0,15,1,485.79,1,2,3,123,😴 Hibernating,Medium Value,3
16168.0,6,2,369.0,3,4,3,343,📈 Potential Loyalists,Medium Value,2
16186.0,6,1,389.34000000000003,3,2,3,323,🆕 New Customers,Medium Value,2
16190.0,2,1,196.92000000000002,4,2,1,421,🆕 New Customers,Low Value,2
16191.0,5,1,348.6,3,2,3,323,🆕 New Customers,Medium Value,2
16192.0,12,1,351.3,1,2,3,123,😴 Hibernating,Medium Value,3
16197.0,0,1,117.30000000000001,4,2,1,421,🆕 New Customers,Low Value,2
16200.0,13,2,1043.81,1,4,4,144,⚠️ At Risk,High Value,3
16202.0,1,2,592.17,4,4,3,443,👑 Champions,Medium Value,2
16204.0,7,1,213.27,3,2,2,322,🆕 New Customers,Low Value,2
16210.0,1,4,1428.7,4,4,4,444,👑 Champions,High Value,0
16233.0,13,1,294.3,1,2,2,122,😴 Hibernating,Inactive,3
16253.0,7,1,379.13,3,2,3,323,🆕 New Customers,Medium Value,2
16277.0,10,1,188.69,2,2,1,221,😴 Hibernating,Low Value,3
16280.0,1,1,238.05,4,2,2,422,🆕 New Customers,Low Value,2
16293.0,5,1,325.64,3,2,3,323,🆕 New Customers,Medium Value,2
16301.0,13,1,107.33,1,2,1,121,😴 Hibernating,Inactive,3
16308.0,0,1,960.0,4,2,4,424,🆕 New Customers,High Value,2
16321.0,15,1,196.10000000000002,1,2,1,121,😴 Hibernating,Inactive,3
16325.0,2,2,345.54,4,4,3,443,👑 Champions,Medium Value,2
16327.0,1,1,698.61,4,2,4,424,🆕 New Customers,High Value,2
16329.0,15,1,282.46000000000004,1,2,2,122,😴 Hibernating,Inactive,3
16335.0,3,2,800.84,3,4,4,344,👑 Champions,High Value,2
16351.0,11,1,216.6,2,2,2,222,😴 Hibernating,Low Value,3
16353.0,0,3,717.9,4,4,4,444,👑 Champions,High Value,0
16365.0,4,1,198.76999999999998,3,2,1,321,🆕 New Customers,Low Value,2
16366.0,0,1,243.65,4,2,2,422,🆕 New Customers,Low Value,2
16393.0,15,1,367.40999999999997,1,2,3,123,😴 Hibernating,Medium Value,3
16395.0,6,2,244.66,3,4,2,342,📈 Potential Loyalists,Low Value,2
16400.0,7,1,564.38,3,2,3,323,🆕 New Customers,Medium Value,2
16409.0,2,1,526.46,4,2,3,423,🆕 New Customers,Medium Value,2
16410.0,10,1,130.32,2,2,1,221,😴 Hibernating,Low Value,3
16436.0,8,2,192.45,2,4,1,241,⚠️ At Risk,Low Value,3
16442.0,3,1,155.06,3,2,1,321,🆕 New Customers,Low Value,2
16451.0,11,1,307.65000000000003,2,2,2,222,😴 Hibernating,Low Value,3
16459.0,5,1,71.78999999999999,3,3,1,331,📈 Potential Loyalists,Low Value,2
16467.0,14,1,131.12,1,3,1,131,⚠️ At Risk,Inactive,3
16470.0,5,1,199.68,3,3,1,331,📈 Potential Loyalists,Low Value,2
16485.0,10,1,619.24,2,3,3,233,⚠️ At Risk,Medium Value,3
16497.0,12,1,294.85,1,3,2,132,⚠️ At Risk,Inactive,3
16525.0,6,3,1220.4,3,4,4,344,👑 Champions,High Value,0
16541.0,11,1,424.03,2,3,3,233,⚠️ At Risk,Medium Value,3
16550.0,1,2,1070.07,4,4,4,444,👑 Champions,High Value,2
16551.0,2,1,292.98,4,3,2,432,⭐ Loyal Customers,Low Value,2
16554.0,1,1,415.49,4,3,3,433,⭐ Loyal Customers,Medium Value,2
16556.0,9,1,187.19,2,3,1,231,⚠️ At Risk,Low Value,3
16558.0,12,1,297.05,1,3,2,132,⚠️ At Risk,Inactive,3
16560.0,8,1,487.09000000000003,2,3,3,233,⚠️ At Risk,Medium Value,3
16563.0,14,1,538.46,1,3,3,133,⚠️ At Risk,Medium Value,3
16593.0,11,1,79.6,2,3,1,231,⚠️ At Risk,Low Value,3
16596.0,5,1,95.55,3,3,1,331,📈 Potential Loyalists,Low Value,2
16605.0,0,1,60.48,4,3,1,431,⭐ Loyal Customers,Low Value,2
16612.0,12,1,510.87,1,3,3,133,⚠️ At Risk,Medium Value,3
16620.0,14,1,822.37,1,3,4,134,⚠️ At Risk,High Value,3
16645.0,12,1,160.39,1,3,1,131,⚠️ At Risk,Inactive,3
16656.0,11,1,373.74,2,3,3,233,⚠️ At Risk,Medium Value,3
16663.0,5,1,165.0,3,3,1,331,📈 Potential Loyalists,Low Value,2
16670.0,5,1,683.91,3,3,4,334,📈 Potential Loyalists,High Value,2
16684.0,0,3,2886.32,4,4,4,444,👑 Champions,High Value,0
16686.0,9,2,167.14,2,4,1,241,⚠️ At Risk,Low Value,3
16699.0,11,1,137.4,2,3,1,231,⚠️ At Risk,Low Value,3
16700.0,14,2,418.7,1,4,3,143,⚠️ At Risk,Medium Value,3
16701.0,14,1,378.12,1,3,3,133,⚠️ At Risk,Medium Value,3
16702.0,8,1,221.52,2,3,2,232,⚠️ At Risk,Low Value,3
16705.0,6,1,3249.32,3,3,4,334,📈 Potential Loyalists,High Value,2
16709.0,6,1,1273.5,3,3,4,334,📈 Potential Loyalists,High Value,2
16710.0,3,3,1038.64,3,4,4,344,👑 Champions,High Value,0
16711.0,1,2,665.64,4,4,4,444,👑 Champions,High Value,2
16713.0,0,2,564.92,4,4,3,443,👑 Champions,Medium Value,2
16717.0,8,1,386.39,2,3,3,233,⚠️ At Risk,Medium Value,3
16718.0,9,1,647.82,2,3,4,234,⚠️ At Risk,High Value,3
16719.0,3,1,344.65,3,3,3,333,📈 Potential Loyalists,Medium Value,2
16722.0,12,1,339.78,1,3,3,133,⚠️ At Risk,Medium Value,3
16723.0,11,1,460.55,2,3,3,233,⚠️ At Risk,Medium Value,3
16725.0,2,1,213.88,4,3,2,432,⭐ Loyal Customers,Low Value,2
16732.0,7,1,792.84,3,3,4,334,📈 Potential Loyalists,High Value,2
16735.0,8,1,338.34000000000003,2,3,3,233,⚠️ At Risk,Medium Value,3
16736.0,0,3,1671.13,4,4,4,444,👑 Champions,High Value,0
16746.0,6,2,710.62,3,4,4,344,👑 Champions,High Value,2
16748.0,6,1,97.5,3,3,1,331,📈 Potential Loyalists,Low Value,2
16749.0,0,1,2343.72,4,3,4,434,👑 Champions,High Value,2
16755.0,6,1,212.58,3,3,2,332,📈 Potential Loyalists,Low Value,2
16763.0,14,1,352.85,1,3,3,133,⚠️ At Risk,Medium Value,3
16768.0,9,1,224.98,2,3,2,232,⚠️ At Risk,Low Value,3
16769.0,2,2,394.46000000000004,4,4,3,443,👑 Champions,Medium Value,2
16771.0,7,1,203.3,3,3,2,332,📈 Potential Loyalists,Low Value,2
16773.0,9,1,137.75,2,3,1,231,⚠️ At Risk,Low Value,3
16779.0,5,4,4078.82,3,4,4,344,👑 Champions,High Value,0
16782.0,7,1,185.9,3,3,1,331,📈 Potential Loyalists,Low Value,2
16791.0,12,1,319.87,1,3,2,132,⚠️ At Risk,Inactive,3
16797.0,13,1,176.88,1,3,1,131,⚠️ At Risk,Inactive,3
16798.0,5,1,208.9,3,3,2,332,📈 Potential Loyalists,Low Value,2
16802.0,6,1,259.11,3,3,2,332,📈 Potential Loyalists,Low Value,2
16805.0,1,2,289.0,4,4,2,442,⭐ Loyal Customers,Low Value,2
16823.0,14,1,189.29999999999998,1,3,1,131,⚠️ At Risk,Inactive,3
16830.0,3,1,300.42,3,3,2,332,📈 Potential Loyalists,Low Value,2
16843.0,6,1,730.59,3,3,4,334,📈 Potential Loyalists,High Value,2
16858.0,1,1,297.86,4,3,2,432,⭐ Loyal Customers,Low Value,2
16883.0,12,1,108.95,1,3,1,131,⚠️ At Risk,Inactive,3
16887.0,14,1,219.82,1,3,2,132,⚠️ At Risk,Inactive,3
16891.0,11,1,317.83,2,3,2,232,⚠️ At Risk,Low Value,3
16892.0,7,1,97.55,3,3,1,331,📈 Potential Loyalists,Low Value,2
16901.0,5,1,204.26,3,3,2,332,📈 Potential Loyalists,Low Value,2
16905.0,5,1,230.0,3,3,2,332,📈 Potential Loyalists,Low Value,2
16912.0,6,1,383.8,3,3,3,333,📈 Potential Loyalists,Medium Value,2
16918.0,13,1,221.69,1,3,2,132,⚠️ At Risk,Inactive,3
16933.0,6,1,580.79,3,3,3,333,📈 Potential Loyalists,Medium Value,2
16940.0,7,1,656.85,3,3,4,334,📈 Potential Loyalists,High Value,2
16945.0,7,1,307.95,3,3,2,332,📈 Potential Loyalists,Low Value,2
16952.0,4,1,252.04,3,3,2,332,📈 Potential Loyalists,Low Value,2
16964.0,9,2,207.85,2,4,2,242,⚠️ At Risk,Low Value,3
16985.0,1,2,961.55,4,4,4,444,👑 Champions,High Value,2
16987.0,13,1,157.91,1,3,1,131,⚠️ At Risk,Inactive,3
17012.0,1,1,384.16,4,3,3,433,⭐ Loyal Customers,Medium Value,2
17017.0,12,1,277.5,1,3,2,132,⚠️ At Risk,Inactive,3
17018.0,11,1,351.6,2,3,3,233,⚠️ At Risk,Medium Value,3
17019.0,14,1,216.86,1,3,2,132,⚠️ At Risk,Inactive,3
17027.0,6,1,139.85000000000002,3,3,1,331,📈 Potential Loyalists,Low Value,2
17032.0,5,1,844.45,3,3,4,334,📈 Potential Loyalists,High Value,2
17035.0,13,1,54.599999999999994,1,3,1,131,⚠️ At Risk,Inactive,3
17043.0,6,1,380.36,3,3,3,333,📈 Potential Loyalists,Medium Value,2
17044.0,9,1,990.48,2,3,4,234,⚠️ At Risk,High Value,3
17047.0,8,1,322.65,2,3,2,232,⚠️ At Risk,Low Value,3
17056.0,14,1,128.60000000000002,1,3,1,131,⚠️ At Risk,Inactive,3
17063.0,14,1,278.61,1,3,2,132,⚠️ At Risk,Inactive,3
17066.0,2,1,228.34,4,3,2,432,⭐ Loyal Customers,Low Value,2
17067.0,1,3,454.54,4,4,3,443,👑 Champions,Medium Value,0
17069.0,13,1,500.55,1,3,3,133,⚠️ At Risk,Medium Value,3
17075.0,2,1,187.70000000000002,4,3,1,431,⭐ Loyal Customers,Low Value,2
17076.0,12,1,67.67999999999999,1,3,1,131,⚠️ At Risk,Inactive,3
17082.0,1,2,908.2,4,4,4,444,👑 Champions,High Value,2
17085.0,3,2,310.3,3,4,2,342,📈 Potential Loyalists,Low Value,2
17087.0,14,1,221.53,1,3,2,132,⚠️ At Risk,Inactive,3
17095.0,0,1,301.9,4,3,2,432,⭐ Loyal Customers,Low Value,2
17115.0,11,1,434.15,2,3,3,233,⚠️ At Risk,Medium Value,3
17127.0,11,1,137.95,2,3,1,231,⚠️ At Risk,Low Value,3
17150.0,10,1,139.25,2,3,1,231,⚠️ At Risk,Low Value,3
17151.0,11,1,231.90000000000003,2,3,2,232,⚠️ At Risk,Low Value,3
17155.0,7,2,272.36,3,4,2,342,📈 Potential Loyalists,Low Value,2
17157.0,2,4,1360.02,4,4,4,444,👑 Champions,High Value,0
17160.0,12,1,825.94,1,3,4,134,⚠️ At Risk,High Value,3
17165.0,5,1,375.66,3,3,3,333,📈 Potential Loyalists,Medium Value,2
17172.0,3,1,336.82,3,3,3,333,📈 Potential Loyalists,Medium Value,2
17178.0,7,1,436.71,3,3,3,333,📈 Potential Loyalists,Medium Value,2
17184.0,6,1,50.55,3,3,1,331,📈 Potential Loyalists,Low Value,2
17188.0,7,1,328.02000000000004,3,3,3,333,📈 Potential Loyalists,Medium Value,2
17189.0,0,2,444.67,4,4,3,443,👑 Champions,Medium Value,2
17191.0,14,1,261.74,1,3,2,132,⚠️ At Risk,Inactive,3
17193.0,14,1,45.0,1,3,1,131,⚠️ At Risk,Inactive,3
17209.0,5,2,373.20000000000005,3,4,3,343,📈 Potential Loyalists,Medium Value,2
17211.0,2,1,386.73,4,3,3,433,⭐ Loyal Customers,Medium Value,2
17213.0,1,1,304.7,4,3,2,432,⭐ Loyal Customers,Low Value,2
17230.0,5,2,1946.1,3,4,4,344,👑 Champions,High Value,2
17231.0,8,1,285.35,2,3,2,232,⚠️ At Risk,Low Value,3
17233.0,1,1,179.36,4,3,1,431,⭐ Loyal Customers,Low Value,2
17238.0,5,3,559.9,3,4,3,343,📈 Potential Loyalists,Medium Value,0
17243.0,3,6,2742.36,3,4,4,344,👑 Champions,High Value,0
17244.0,10,1,260.65,2,3,2,232,⚠️ At Risk,Low Value,3
17246.0,14,1,23.48,1,3,1,131,⚠️ At Risk,Inactive,3
17251.0,1,1,306.40000000000003,4,3,2,432,⭐ Loyal Customers,Low Value,2
17262.0,1,1,169.5,4,3,1,431,⭐ Loyal Customers,Low Value,2
17268.0,8,1,155.7,2,3,1,231,⚠️ At Risk,Low Value,3
17270.0,8,1,389.62,2,3,3,233,⚠️ At Risk,Medium Value,3
17271.0,12,1,210.39,1,3,2,132,⚠️ At Risk,Inactive,3
17287.0,2,4,484.11,4,4,3,443,👑 Champions,Medium Value,0
17290.0,2,1,56.45,4,3,1,431,⭐ Loyal Customers,Low Value,2
17293.0,4,2,405.04,3,4,3,343,📈 Potential Loyalists,Medium Value,2
17296.0,6,1,338.13,3,3,3,333,📈 Potential Loyalists,Medium Value,2
17314.0,13,1,154.2,1,3,1,131,⚠️ At Risk,Inactive,3
17318.0,1,1,164.28,4,3,1,431,⭐ Loyal Customers,Low Value,2
17322.0,13,1,114.55,1,3,1,131,⚠️ At Risk,Inactive,3
17329.0,7,3,481.32,3,4,3,343,📈 Potential Loyalists,Medium Value,0
17343.0,12,1,197.3,1,3,1,131,⚠️ At Risk,Inactive,3
17344.0,4,1,307.54,3,3,2,332,📈 Potential Loyalists,Low Value,2
17345.0,14,1,329.90999999999997,1,3,3,133,⚠️ At Risk,Medium Value,3
17351.0,5,1,133.75,3,3,1,331,📈 Potential Loyalists,Low Value,2
17364.0,1,2,1150.78,4,4,4,444,👑 Champions,High Value,2
17368.0,0,1,205.32,4,3,2,432,⭐ Loyal Customers,Low Value,2
17371.0,7,2,154.29,3,4,1,341,📈 Potential Loyalists,Low Value,2
17372.0,12,1,151.65,1,3,1,131,⚠️ At Risk,Inactive,3
17377.0,5,4,1552.91,3,4,4,344,👑 Champions,High Value,0
17388.0,6,1,228.96,3,3,2,332,📈 Potential Loyalists,Low Value,2
17389.0,12,1,908.0400000000001,1,3,4,134,⚠️ At Risk,High Value,3
17406.0,9,1,406.70000000000005,2,3,3,233,⚠️ At Risk,Medium Value,3
17409.0,5,1,899.64,3,3,4,334,📈 Potential Loyalists,High Value,2
17411.0,13,1,344.40000000000003,1,3,3,133,⚠️ At Risk,Medium Value,3
17412.0,5,2,773.02,3,4,4,344,👑 Champions,High Value,2
17414.0,12,1,239.68,1,3,2,132,⚠️ At Risk,Inactive,3
17416.0,1,1,659.4,4,3,4,434,👑 Champions,High Value,2
17421.0,11,1,130.8,2,3,1,231,⚠️ At Risk,Low Value,3
17428.0,7,3,2300.2400000000002,3,4,4,344,👑 Champions,High Value,0
17432.0,12,1,174.85,1,3,1,131,⚠️ At Risk,Inactive,3
17436.0,8,1,76.5,2,3,1,231,⚠️ At Risk,Low Value,3
17441.0,8,1,293.35,2,3,2,232,⚠️ At Risk,Low Value,3
17449.0,6,1,298.68,3,3,2,332,📈 Potential Loyalists,Low Value,2
17457.0,8,1,355.38,2,3,3,233,⚠️ At Risk,Medium Value,3
17465.0,12,2,408.37,1,4,3,143,⚠️ At Risk,Medium Value,3
17476.0,14,1,260.36,1,3,2,132,⚠️ At Risk,Inactive,3
17487.0,4,1,160.55,3,3,1,331,📈 Potential Loyalists,Low Value,2
17508.0,9,1,610.95,2,3,3,233,⚠️ At Risk,Medium Value,3
17511.0,1,2,8367.81,4,4,4,444,👑 Champions,High Value,0
17512.0,5,1,864.8900000000001,3,3,4,334,📈 Potential Loyalists,High Value,2
17519.0,15,1,308.44,1,3,2,132,⚠️ At Risk,Inactive,3
17530.0,9,1,263.68,2,3,2,232,⚠️ At Risk,Low Value,3
17539.0,2,1,361.55,4,3,3,433,⭐ Loyal Customers,Medium Value,2
17557.0,9,1,34.0,2,3,1,231,⚠️ At Risk,Low Value,3
17561.0,9,1,192.26999999999998,2,3,1,231,⚠️ At Risk,Low Value,3
17572.0,1,1,62.31,4,3,1,431,⭐ Loyal Customers,Low Value,2
17576.0,12,1,321.21000000000004,1,3,2,132,⚠️ At Risk,Inactive,3
17581.0,12,4,402.2,1,4,3,143,⚠️ At Risk,Medium Value,0
17592.0,15,1,148.3,1,3,1,131,⚠️ At Risk,Inactive,3
17593.0,3,3,1887.44,3,4,4,344,👑 Champions,High Value,0
17596.0,0,1,477.36,4,3,3,433,⭐ Loyal Customers,Medium Value,2
17603.0,6,1,289.85,3,3,2,332,📈 Potential Loyalists,Low Value,2
17606.0,13,1,87.30000000000001,1,3,1,131,⚠️ At Risk,Inactive,3
17610.0,5,2,813.5600000000001,3,4,4,344,👑 Champions,High Value,2
17611.0,14,1,507.49,1,3,3,133,⚠️ At Risk,Medium Value,3
17623.0,1,1,197.05,4,3,1,431,⭐ Loyal Customers,Low Value,2
17625.0,1,1,675.12,4,3,4,434,👑 Champions,High Value,2
17631.0,6,1,63.5,3,3,1,331,📈 Potential Loyalists,Low Value,2
17642.0,10,1,281.02,2,3,2,232,⚠️ At Risk,Low Value,3
17646.0,0,1,435.5,4,3,3,433,⭐ Loyal Customers,Medium Value,2
17660.0,13,1,163.47,1,3,1,131,⚠️ At Risk,Inactive,3
17675.0,0,2,480.70000000000005,4,4,3,443,👑 Champions,Medium Value,2
17677.0,0,4,1030.65,4,4,4,444,👑 Champions,High Value,0
17679.0,12,2,465.0,1,4,3,143,⚠️ At Risk,Medium Value,3
17696.0,5,1,427.52,3,3,3,333,📈 Potential Loyalists,Medium Value,2
17700.0,15,1,696.73,1,3,4,134,⚠️ At Risk,High Value,3
17707.0,9,1,51.0,2,3,1,231,⚠️ At Risk,Low Value,3
17716.0,13,1,520.2,1,3,3,133,⚠️ At Risk,Medium Value,3
17739.0,9,1,411.20000000000005,2,3,3,233,⚠️ At Risk,Medium Value,3
17742.0,14,1,218.54999999999998,1,3,2,132,⚠️ At Risk,Inactive,3
17754.0,4,1,285.48,3,3,2,332,📈 Potential Loyalists,Low Value,2
17764.0,12,1,194.65,1,3,1,131,⚠️ At Risk,Inactive,3
17768.0,14,1,408.07,1,3,3,133,⚠️ At Risk,Medium Value,3
17797.0,0,1,208.68,4,3,2,432,⭐ Loyal Customers,Low Value,2
17799.0,2,1,348.61,4,3,3,433,⭐ Loyal Customers,Medium Value,2
17802.0,2,2,522.95,4,4,3,443,👑 Champions,Medium Value,2
17804.0,15,1,124.95,1,3,1,131,⚠️ At Risk,Inactive,3
17809.0,1,2,761.7,4,4,4,444,👑 Champions,High Value,2
17816.0,0,1,24.630000000000003,4,3,1,431,⭐ Loyal Customers,Low Value,2
17818.0,14,1,130.18,1,3,1,131,⚠️ At Risk,Inactive,3
17819.0,2,1,545.1,4,3,3,433,⭐ Loyal Customers,Medium Value,2
17825.0,2,3,467.46,4,4,3,443,👑 Champions,Medium Value,0
17841.0,0,6,2329.26,4,4,4,444,👑 Champions,High Value,0
17848.0,9,1,175.20000000000002,2,3,1,231,⚠️ At Risk,Low Value,3
17850.0,8,15,7411.14,2,4,4,244,⚠️ At Risk,High Value,1
17851.0,4,2,755.26,3,4,4,344,👑 Champions,High Value,2
17852.0,1,2,380.36,4,4,3,443,👑 Champions,Medium Value,2
17853.0,12,1,584.35,1,3,3,133,⚠️ At Risk,Medium Value,3
17854.0,8,1,135.94,2,3,1,231,⚠️ At Risk,Low Value,3
17858.0,9,1,533.97,2,3,3,233,⚠️ At Risk,Medium Value,3
17860.0,4,2,256.69,3,4,2,342,📈 Potential Loyalists,Low Value,2
17861.0,6,1,328.99,3,3,3,333,📈 Potential Loyalists,Medium Value,2
17865.0,8,5,2444.77,2,4,4,244,⚠️ At Risk,High Value,0
17866.0,1,1,149.5,4,3,1,431,⭐ Loyal Customers,Low Value,2
17867.0,13,1,85.95,1,3,1,131,⚠️ At Risk,Inactive,3
17880.0,6,1,171.6,3,3,1,331,📈 Potential Loyalists,Low Value,2
17884.0,5,4,454.12,3,4,3,343,📈 Potential Loyalists,Medium Value,0
17908.0,2,1,400.91,4,3,3,433,⭐ Loyal Customers,Medium Value,2
17909.0,13,1,132.55,1,3,1,131,⚠️ At Risk,Inactive,3
17910.0,2,1,261.7,4,3,2,432,⭐ Loyal Customers,Low Value,2
17913.0,12,2,277.35,1,4,2,142,⚠️ At Risk,Inactive,3
17916.0,9,1,25.46,2,3,1,231,⚠️ At Risk,Low Value,3
17920.0,2,3,1336.95,4,4,4,444,👑 Champions,High Value,0
17929.0,7,1,392.40000000000003,3,3,3,333,📈 Potential Loyalists,Medium Value,2
17935.0,11,1,106.25,2,3,1,231,⚠️ At Risk,Low Value,3
17940.0,12,1,4380.0,1,3,4,134,⚠️ At Risk,High Value,3
17949.0,1,10,5749.56,4,4,4,444,👑 Champions,High Value,0
17954.0,0,2,348.82,4,4,3,443,👑 Champions,Medium Value,2
17958.0,4,1,465.42,3,3,3,333,📈 Potential Loyalists,Medium Value,2
17961.0,1,3,465.96,4,4,3,443,👑 Champions,Medium Value,0
17965.0,1,1,272.02,4,3,2,432,⭐ Loyal Customers,Low Value,2
17969.0,2,2,199.65,4,4,1,441,⭐ Loyal Customers,Low Value,2
17978.0,7,1,123.1,3,3,1,331,📈 Potential Loyalists,Low Value,2
17984.0,15,1,229.46,1,3,2,132,⚠️ At Risk,Inactive,3
17988.0,7,2,167.65,3,4,1,341,📈 Potential Loyalists,Low Value,2
17990.0,8,1,332.70000000000005,2,3,3,233,⚠️ At Risk,Medium Value,3
17998.0,14,2,319.19,1,4,2,142,⚠️ At Risk,Inactive,3
18001.0,13,1,176.6,1,3,1,131,⚠️ At Risk,Inactive,3
18002.0,8,1,44.32,2,3,1,231,⚠️ At Risk,Low Value,3
18037.0,14,1,21.95,1,3,1,131,⚠️ At Risk,Inactive,3
18051.0,7,1,333.3,3,3,3,333,📈 Potential Loyalists,Medium Value,2
18061.0,12,1,312.21,1,3,2,132,⚠️ At Risk,Inactive,3
18065.0,6,2,306.9,3,4,2,342,📈 Potential Loyalists,Low Value,2
18071.0,11,1,227.25,2,3,2,232,⚠️ At Risk,Low Value,3
18077.0,3,2,376.1,3,4,3,343,📈 Potential Loyalists,Medium Value,2
18087.0,2,4,989.74,4,4,4,444,👑 Champions,High Value,0
18092.0,11,1,1077.6,2,3,4,234,⚠️ At Risk,High Value,3
18102.0,0,7,37933.7,4,4,4,444,👑 Champions,High Value,1
18108.0,13,1,493.25,1,3,3,133,⚠️ At Risk,Medium Value,3
18145.0,7,1,309.7,3,3,2,332,📈 Potential Loyalists,Low Value,2
18162.0,8,1,379.16,2,3,3,233,⚠️ At Risk,Medium Value,3
18168.0,0,2,598.01,4,4,3,443,👑 Champions,Medium Value,2
18172.0,5,1,233.10000000000002,3,3,2,332,📈 Potential Loyalists,Low Value,2
18177.0,0,1,334.5,4,3,3,433,⭐ Loyal Customers,Medium Value,2
18181.0,11,1,298.99,2,3,2,232,⚠️ At Risk,Low Value,3
18203.0,7,1,109.08,3,3,1,331,📈 Potential Loyalists,Low Value,2
18219.0,8,1,151.72,2,3,1,231,⚠️ At Risk,Low Value,3
18220.0,1,1,253.64000000000001,4,3,2,432,⭐ Loyal Customers,Low Value,2
18223.0,12,1,1185.16,1,3,4,134,⚠️ At Risk,High Value,3
18225.0,11,1,59.5,2,3,1,231,⚠️ At Risk,Low Value,3
18229.0,12,1,381.0,1,3,3,133,⚠️ At Risk,Medium Value,3
18259.0,8,1,356.40000000000003,2,3,3,233,⚠️ At Risk,Medium Value,3
18260.0,0,1,308.38,4,3,2,432,⭐ Loyal Customers,Low Value,2
18268.0,5,1,375.18,3,3,3,333,📈 Potential Loyalists,Medium Value,2
18271.0,8,1,192.54999999999998,2,3,1,231,⚠️ At Risk,Low Value,3
18275.0,7,1,372.64,3,3,3,333,📈 Potential Loyalists,Medium Value,2
18276.0,5,1,218.05,3,3,2,332,📈 Potential Loyalists,Low Value,2
18286.0,0,1,462.95,4,3,3,433,⭐ Loyal Customers,Medium Value,2
